{
  "items": [
    {
      "name": "Optio quis asperior",
      "description": "Provident qui quos",
      "date": "1996-01-24",
      "complete": true,
      "category": "Personal",
      "id": 11
    },
    {
      "name": "Illo dignissimos nis",
      "description": "Consectetur exercita",
      "date": "1981-03-18",
      "complete": false,
      "category": "Personal",
      "id": 14
    },
    {
      "name": "Beatae excepturi rer",
      "description": "Laboris tenetur volu",
      "date": "1975-06-28",
      "complete": true,
      "category": "Personal",
      "id": 17
    },
    {
      "name": "Deserunt fugiat ad q",
      "description": "Rem sequi et maiores",
      "date": "2020-10-02",
      "complete": false,
      "category": "Busisness",
      "id": 19
    }
  ]
}